-- MySQL dump 10.13  Distrib 8.0.27, for Linux (x86_64)
--
-- Host: localhost    Database: TP
-- ------------------------------------------------------
-- Server version	8.0.27-0ubuntu0.20.04.1

/*!40101 SET @OLD_CHARACTER_SET_CLIENT=@@CHARACTER_SET_CLIENT */;
/*!40101 SET @OLD_CHARACTER_SET_RESULTS=@@CHARACTER_SET_RESULTS */;
/*!40101 SET @OLD_COLLATION_CONNECTION=@@COLLATION_CONNECTION */;
/*!50503 SET NAMES utf8mb4 */;
/*!40103 SET @OLD_TIME_ZONE=@@TIME_ZONE */;
/*!40103 SET TIME_ZONE='+00:00' */;
/*!40014 SET @OLD_UNIQUE_CHECKS=@@UNIQUE_CHECKS, UNIQUE_CHECKS=0 */;
/*!40014 SET @OLD_FOREIGN_KEY_CHECKS=@@FOREIGN_KEY_CHECKS, FOREIGN_KEY_CHECKS=0 */;
/*!40101 SET @OLD_SQL_MODE=@@SQL_MODE, SQL_MODE='NO_AUTO_VALUE_ON_ZERO' */;
/*!40111 SET @OLD_SQL_NOTES=@@SQL_NOTES, SQL_NOTES=0 */;

--
-- Table structure for table `etudiants`
--

DROP TABLE IF EXISTS `etudiants`;
/*!40101 SET @saved_cs_client     = @@character_set_client */;
/*!50503 SET character_set_client = utf8mb4 */;
CREATE TABLE `etudiants` (
  `id_Etudiant` int NOT NULL,
  `nom` varchar(100) NOT NULL,
  `prenom` varchar(100) NOT NULL,
  `id_sall_fk` int NOT NULL,
  `id_for_fk` int NOT NULL,
  PRIMARY KEY (`id_Etudiant`),
  KEY `id_sall` (`id_sall_fk`),
  KEY `id_for` (`id_for_fk`),
  CONSTRAINT `etudiants_ibfk_1` FOREIGN KEY (`id_sall_fk`) REFERENCES `salle` (`id_sall`),
  CONSTRAINT `etudiants_ibfk_2` FOREIGN KEY (`id_for_fk`) REFERENCES `formation` (`id_for`)
) ENGINE=InnoDB DEFAULT CHARSET=utf8mb4 COLLATE=utf8mb4_0900_ai_ci;
/*!40101 SET character_set_client = @saved_cs_client */;

--
-- Dumping data for table `etudiants`
--

LOCK TABLES `etudiants` WRITE;
/*!40000 ALTER TABLE `etudiants` DISABLE KEYS */;
INSERT INTO `etudiants` VALUES (1,'oumar','ali',1,2),(2,'yves','ouatche',3,1),(3,'Adelle','McIlheran',7,8),(4,'ab','cd',1,2),(5,'Winona','Kohen',7,4),(6,'Davida','Haslum',6,20),(7,'Alika','Fritschel',5,17),(8,'Timmy','Gauthorpp',1,10),(9,'Sax','Pavese',5,13),(10,'Ola','Bandey',5,16),(11,'Margarette','Sorrel',2,17),(12,'Junette','Fretson',9,6),(13,'Silas','Lowis',3,8),(14,'Wileen','Maase',1,13),(15,'Cindi','Laux',10,5),(16,'Andros','Hallard',9,1),(17,'Leigha','Castangia',1,10),(18,'Vidovik','Viccary',4,2),(19,'Faustine','Graalman',9,19),(20,'Kendra','Barnwille',6,7),(21,'Horst','Crellim',5,18),(22,'Gloria','Pardew',5,13),(23,'Adolphus','Garling',1,3),(24,'Vanya','Edinburough',1,18),(25,'Ginnifer','Bottini',7,3),(26,'Meris','Styant',9,2),(27,'Glynnis','Wolton',6,12),(28,'Lianne','Senecaut',6,6),(29,'Dermot','Hotton',4,14),(30,'Cyndy','Briiginshaw',3,6),(31,'Sadye','McKissack',2,7),(32,'Jamison','Normaville',6,18),(33,'Abba','Cabena',2,9),(34,'Ede','Scrooby',7,20),(35,'Isabeau','Dornan',2,20),(36,'Shane','Searchfield',5,12),(37,'Marten','Roxburch',5,1),(38,'Jonie','Wollard',2,12),(39,'Allistir','Folan',1,2),(40,'Remington','Dimmick',1,2),(41,'Hillier','Brasner',7,20),(42,'Aloin','Pietesch',10,18),(43,'Edik','Marston',8,7),(44,'Debi','Clash',8,3),(45,'Timotheus','Harker',4,7),(46,'Prentiss','Dempsey',2,13),(47,'Rosalinda','Sarath',10,9),(48,'Jaquith','January 1st',5,13),(49,'Konstanze','Gorelli',9,8),(50,'Viviana','McGarrity',10,4),(51,'Tedman','Ferrer',4,8),(52,'Myrlene','Baggarley',10,20),(53,'Yulma','Morrow',8,16),(54,'Danette','Blyth',5,12),(55,'Mervin','Brentnall',7,15),(56,'Paula','Grzesiak',8,16),(57,'Shaine','Micallef',8,7),(58,'Zilvia','Mapes',9,5),(59,'Kore','Barnwall',6,3),(60,'Marilee','Empleton',9,19),(61,'Ashla','Moreton',6,20),(62,'Leonidas','Tofanelli',8,18),(63,'Ros','Duckering',6,14),(64,'Ryon','Cockarill',6,18),(65,'Durante','Lawes',4,6),(66,'Lin','Fyrth',5,17),(67,'Mitchael','Vant',2,13),(68,'Chelsey','Pannaman',7,4),(69,'Darby','Bonn',4,5),(70,'Wilden','Blazynski',1,1),(71,'Padraig','Fomichyov',9,1),(72,'Maddi','Housbey',9,6),(73,'Bryanty','Doxey',8,1),(74,'Rodolfo','Broggelli',6,14),(75,'Sarah','Burnhams',7,3),(76,'Elonore','Roggerone',10,20),(77,'Lotta','Yeats',2,15),(78,'Don','Teresse',9,5),(79,'Viviene','Soper',2,7),(80,'Yolande','Critoph',4,15),(81,'Calv','Orniz',5,16),(82,'Patten','Sibthorpe',4,8),(83,'Modesta','McKibbin',9,2),(84,'Carlyle','McWhirter',10,9),(85,'Rahel','Sawden',1,15),(86,'Allis','Abbie',10,11),(87,'Daniela','Bletso',7,5),(88,'Duane','Yeandel',7,20),(89,'Juanita','Lack',10,5),(90,'Josias','Carryer',5,18),(91,'Antone','Lucius',9,1),(92,'Vinnie','Figura',8,6),(93,'Sydney','Luce',7,17),(94,'Teador','Ricco',4,20),(95,'Arvie','Benet',6,4),(96,'Abner','Tiuit',7,10),(97,'Darnell','Garbett',1,20),(98,'Salomon','Cochern',2,19),(99,'Kermy','Bewick',9,13),(100,'Mellisent','Ebunoluwa',8,9),(101,'Thane','McCleod',10,19),(102,'Kirstyn','Brede',2,16),(103,'Tabor','Gresch',10,9),(104,'Alecia','Chanders',8,10),(105,'Siobhan','Penton',1,20),(106,'Tulley','Aulds',3,20),(107,'Felic','Jeffryes',6,18),(108,'Markos','Willets',5,4),(109,'Lorry','Bonaire',10,18),(110,'Jessa','Goddert.sf',2,2),(111,'Karen','Rennix',6,5),(112,'Doug','Gahagan',2,8),(113,'Fran','Boor',6,12),(114,'Nicky','Wraxall',3,19),(115,'Griffin','Milson',5,20),(116,'Alfredo','Rook',10,11),(117,'Berget','Langeren',5,11),(118,'Derwin','Androsik',4,2),(119,'Skippy','Ingledow',2,2),(120,'Corrie','Keatch',6,16),(121,'Katlin','Zettler',3,18),(122,'Bryce','Gouley',6,16),(123,'Josey','Recher',10,9),(124,'Gerhardine','Thorington',8,17),(125,'Mitzi','Marien',6,16),(126,'Raynor','Lamberteschi',3,1),(127,'Ethelind','Feveryear',8,5),(128,'Florie','Duligall',8,12),(129,'Dodi','Latch',5,20),(130,'Cary','Ever',10,18),(131,'Kalila','Dunbleton',6,10),(132,'Riccardo','Ortiger',5,16),(133,'Shoshana','Moulden',6,7),(134,'Casey','Elvish',8,6),(135,'Tuck','Greves',8,19),(136,'Marybeth','Crack',7,6),(137,'Harp','Stuart',2,5),(138,'Mikey','Walpole',10,15),(139,'Sansone','Loadsman',5,10),(140,'Filberto','Blackaby',3,12),(141,'Ilyse','Englishby',10,18),(142,'Arnold','Roome',1,6),(143,'Devon','Chrystie',5,1),(144,'Hayley','Hadden',10,1),(145,'Zackariah','Bettis',3,10),(146,'Lidia','Frank',8,10),(147,'Melisandra','Hanham',1,6),(148,'Adiana','Sekulla',4,6),(149,'Edithe','Dennison',3,3),(150,'Elvina','Maulkin',1,13),(151,'Christian','Howroyd',7,19),(152,'Octavia','Tellenbach',2,10),(153,'Patin','McNabb',9,1),(154,'Mitzi','Ahren',6,17),(155,'Orion','Thornley',5,4),(156,'August','Cortnay',7,19),(157,'Adiana','Quadling',8,3),(158,'Mara','Berry',3,10),(159,'Sarah','Piken',4,7),(160,'Ban','Kienl',10,9),(161,'Marris','Emmens',2,1),(162,'Julianne','McCleod',1,18),(163,'Cobbie','Amburgy',4,3),(164,'Rozalin','Malpass',3,2),(165,'Gerhardt','Pucknell',6,13),(166,'Fredia','Liddle',8,9),(167,'Leighton','Ranscomb',9,7),(168,'Sharla','Ducham',8,18),(169,'Minette','Steanson',1,4),(170,'Karyn','Vido',4,15),(171,'Udall','Ferrierio',10,17),(172,'Lance','Karus',9,1),(173,'Ethe','McMeeking',5,14),(174,'Adaline','Pleasants',2,4),(175,'Domenic','Liversidge',6,4),(176,'Barbee','Olenin',1,17),(177,'Theressa','Philippsohn',3,9),(178,'Taddeo','Keaysell',3,8),(179,'Adrianna','Grainger',5,13),(180,'Cosetta','Dacre',8,15),(181,'Marie-ann','Delamar',5,8),(182,'Claribel','Burnage',1,11),(183,'Marten','Ribchester',1,9),(184,'Salaidh','Zum Felde',1,18),(185,'Nickie','Scrase',1,15),(186,'Denice','Chasle',8,12),(187,'Eilis','Finney',8,13),(188,'Leontyne','Fairnington',8,2),(189,'Chickie','Dalziell',9,20),(190,'Herschel','Btham',7,14),(191,'Isidore','Mc Grath',5,9),(192,'Nanete','Doppler',7,13),(193,'Bernete','Neeves',7,12),(194,'Jakie','Jacques',10,14),(195,'Mallory','Hamman',6,14),(196,'Maribeth','Kidder',6,3),(197,'Andrus','Holby',1,18),(198,'Jessa','Gianinotti',8,13),(199,'Brynna','Barthelet',4,14),(200,'Mable','Banbridge',5,9),(201,'Shayne','Crummay',5,18),(202,'Les','Van Der Weedenburg',8,12),(203,'Emmit','Griswaite',4,11),(204,'Kerwin','St. Aubyn',6,5),(205,'Seline','Sterman',3,11),(206,'Carey','Whitehall',3,6),(207,'Cristian','Loosley',7,12),(208,'Hobie','Hexum',2,3),(209,'Wash','Hymer',6,19),(210,'Franklin','Bagot',2,1),(211,'Royal','Cherryman',1,10),(212,'Parrnell','Grigolon',6,17),(213,'Artus','McArtan',4,18),(214,'Koralle','Buttriss',10,6),(215,'Ivar','Skellorne',2,4),(216,'Valentina','Keddey',10,13),(217,'Ameline','Kleinmintz',5,7),(218,'Rory','Kroin',10,20),(219,'Quintus','Piggot',1,3),(220,'Leora','Moneypenny',10,9),(221,'Carney','Santen',1,3),(222,'Ellis','Foli',1,9),(223,'Patric','Speachley',5,2),(224,'Aguste','Lusher',5,5),(225,'Austine','Laffling',5,1),(226,'Hedi','Ledingham',7,5),(227,'Avictor','Kiebes',6,3),(228,'Denni','Di Domenico',4,15),(229,'Nelson','Allott',4,9),(230,'Cornell','Jordanson',3,10),(231,'Hyatt','McCosh',1,2),(232,'Gibbie','Brand',6,18),(233,'Kimberli','Tranckle',3,16),(234,'Josy','Rojas',8,15),(235,'Brandy','Fieller',8,2),(236,'Donelle','Ulster',9,9),(237,'Edgardo','Bristoe',10,12),(238,'Stanwood','Akker',9,15),(239,'Conn','Braunes',1,1),(240,'Crysta','Wardesworth',5,15),(241,'Elden','Berens',1,4),(242,'Hugh','Waddie',10,18),(243,'Manny','Kunath',8,15),(244,'Town','Scadden',10,6),(245,'Kelcey','Collcutt',9,18),(246,'Maurizia','Pavese',6,15),(247,'Selinda','O\'Hagerty',7,5),(248,'Corilla','Wands',9,3),(249,'Amara','Taylor',6,16),(250,'Ellwood','Shervington',9,3),(251,'Blythe','Danskine',3,15),(252,'Lynnet','Jendrusch',4,13),(253,'Guss','Whatford',1,9),(254,'Carlotta','Kinnane',8,8),(255,'Florella','Grestie',4,15),(256,'Rockey','Danniell',9,8),(257,'Joana','Hanhart',9,4),(258,'Fae','Mattea',6,6),(259,'Glynis','Zannelli',6,1),(260,'Raviv','Sadat',8,14),(261,'Wylma','Varlow',10,8),(262,'Lavena','Pick',2,8),(263,'Liesa','Spencer',2,9),(264,'Kellyann','Mockes',7,1),(265,'Case','Sappson',5,5),(266,'Forster','Murtagh',9,3),(267,'Warner','Iskowitz',5,13),(268,'Felecia','Buchan',3,6),(269,'Bethena','Van Castele',5,7),(270,'Aloisia','Sheehy',6,7),(271,'Noni','Shervil',3,14),(272,'Barbee','MacCahee',8,10),(273,'Rhona','Choules',5,17),(274,'Ronny','Troppmann',2,17),(275,'Cleon','Tindle',4,18),(276,'Derrik','Breagan',4,4),(277,'Adoree','Pember',2,11),(278,'Lenee','Nangle',3,6),(279,'Britni','Cosbey',1,18),(280,'Karine','Dunphy',6,4),(281,'Brandais','McNeice',2,18),(282,'Yancy','Sleford',9,1),(283,'Casandra','Hailwood',9,3),(284,'Taber','Brandom',2,20),(285,'Julia','Shacklady',7,1),(286,'Gawain','Bielfeld',3,9),(287,'Freddie','Gadney',3,18),(288,'Stanton','Vescovo',5,8),(289,'Bamby','Hustings',1,18),(290,'Quinn','Salack',6,20),(291,'Maiga','O\' Mahony',8,16),(292,'Yurik','Maynell',8,9),(293,'Ingeberg','Colliford',4,20),(294,'Waring','Battman',7,12),(295,'Callie','Howick',9,6),(296,'Tedra','O\'Donovan',9,19),(297,'Hedi','Joye',8,18),(298,'Leigh','Ginnety',2,1),(299,'Devin','Hollingby',10,8),(300,'Theodoric','Gozzard',5,6),(301,'Jeana','Giovanazzi',5,5),(302,'Daniel','Markham',1,3),(303,'Gavan','Molnar',1,1),(304,'Blanca','Hanford',7,11),(305,'Alvin','Cahalan',9,15),(306,'Blane','Drewery',6,17),(307,'Gibby','Pennacci',9,2),(308,'Renault','Castan',2,13),(309,'Brittani','Theis',8,6),(310,'Madelyn','Tonepohl',5,18),(311,'Glynis','Goddard',3,12),(312,'Audie','Clementet',2,6),(313,'Darlleen','Rubie',2,4),(314,'Odella','Brettor',8,17),(315,'Charity','Graber',5,19),(316,'Elden','Chandlar',1,13),(317,'Junette','Kerin',10,14),(318,'Keeley','Kyme',4,12),(319,'Maddy','Smoote',6,2),(320,'Ravi','Bockett',6,7),(321,'Isaac','Howbrook',10,2),(322,'Anthia','Berks',3,4),(323,'Vasili','Wear',2,1),(324,'Curran','Del Dello',4,11),(325,'Phyllida','Rabat',2,4),(326,'Ellswerth','Grinikhin',2,11),(327,'Adelina','Ruddin',8,1),(328,'Luisa','Keir',4,2),(329,'Ethelin','Benns',4,2),(330,'Agatha','Haddleton',1,3),(331,'Gae','Haitlie',2,8),(332,'Derril','Kirsopp',2,9),(333,'Cliff','Roeby',1,4),(334,'Nichole','Antonioni',6,1),(335,'Hall','Gourlie',6,10),(336,'Humfried','Paulley',9,5),(337,'Merilyn','Braam',9,19),(338,'Samantha','Grayston',3,1),(339,'Mannie','Whitaker',2,8),(340,'Merle','Studders',10,17),(341,'Garreth','Behning',7,16),(342,'Chicky','Ellice',9,4),(343,'Leta','Lange',6,5),(344,'Brenden','Krikorian',5,9),(345,'Angelika','D\'Onise',3,4),(346,'Paola','Vigietti',3,16),(347,'Sim','Lightoller',5,11),(348,'Tommy','Roskelley',3,16),(349,'Merrilee','Jelly',6,20),(350,'Ulises','Binch',3,14),(351,'Marlo','Gallehawk',7,8),(352,'Gualterio','Hassin',5,11),(353,'Dirk','Thornton',5,10),(354,'Collette','Totton',10,18),(355,'Ardine','Jedrych',8,8),(356,'Marrilee','Taunton.',6,3),(357,'Kitty','Teasey',1,5),(358,'Kally','Hackleton',7,16),(359,'Wendell','Templeman',10,12),(360,'Fons','Mushet',1,16),(361,'Yuri','Rene',3,12),(362,'Novelia','Stairs',2,6),(363,'Curtice','Leys',3,19),(364,'Jedidiah','Van der Kruys',4,6),(365,'Turner','Gumary',2,6),(366,'Hernando','Moncey',2,13),(367,'Nikola','Eardley',6,6),(368,'Crissie','Lockhart',5,18),(369,'Libbie','Inmett',1,5),(370,'Hazel','Ferrini',2,19),(371,'Celeste','Chaucer',7,4),(372,'Berty','Hallford',7,2),(373,'Roderigo','Itzhak',3,2),(374,'Codi','Jurczak',6,20),(375,'Huntley','Everil',1,7),(376,'Janey','Shoutt',4,13),(377,'Ase','MacNeish',5,10),(378,'Dannye','O\'Corrin',6,1),(379,'Lian','Hellens',10,8),(380,'Janelle','Featonby',7,16),(381,'Kathryn','Vivians',10,19),(382,'Benjie','Hankin',9,19),(383,'Shanta','Jeandin',6,1),(384,'Benedetta','Armer',1,2),(385,'Burton','Hyatt',2,1),(386,'Herrick','Do',10,18),(387,'Florencia','Cheverell',6,4),(388,'Marrilee','Looney',1,4),(389,'Crichton','McHan',1,5),(390,'Ulrick','Scrivner',7,16),(391,'Clare','Drewitt',10,17),(392,'Florida','Attew',10,19),(393,'Othella','Berfoot',2,2),(394,'Blithe','Collimore',3,13),(395,'Kenn','Farmer',5,11),(396,'Sayers','De Ferraris',6,19),(397,'Fanni','Creer',3,9),(398,'Antoinette','Hentzer',7,9),(399,'Celisse','Rulton',4,14),(400,'Florentia','Reye',4,18),(401,'Cathy','Labell',2,12),(402,'Yolane','Mugglestone',3,6),(403,'Ynez','Hardware',1,17),(404,'Filide','Wiles',1,14),(405,'Rosabella','Beernaert',5,11),(406,'Lauren','Romero',8,8),(407,'Nanine','Cathro',8,10),(408,'Reinhold','Smy',7,11),(409,'Cosme','Gasking',8,10),(410,'Leonid','Haccleton',7,1),(411,'Grier','Swaddle',5,8),(412,'Cully','Ubsdell',3,16),(413,'Sheila-kathryn','O\'Cahsedy',5,11),(414,'Justine','Biggs',6,16),(415,'Charlean','Bussen',1,20),(416,'Manuel','Kovalski',1,7),(417,'Saw','Delyth',4,10),(418,'Ephraim','Mineghelli',3,11),(419,'Gabriellia','Lafrentz',3,2),(420,'Beauregard','Marchetti',4,1),(421,'Jdavie','Arnowicz',2,8),(422,'Bernard','Primrose',9,3),(423,'Dre','Alsop',9,3),(424,'Lilla','Breffit',3,19),(425,'Kendre','Finnemore',1,13),(426,'Charley','Heditch',4,16),(427,'Ortensia','Simmonite',10,2),(428,'Joyous','Aronoff',7,12),(429,'Neysa','Rossin',4,16),(430,'Marty','Olyfat',4,12),(431,'Morton','Willshee',3,20),(432,'Fons','Foucar',4,14),(433,'Winny','McAuley',1,14),(434,'Sue','Jouhan',3,16),(435,'Melamie','Pepper',6,3),(436,'Brandise','McAleese',1,3),(437,'Birdie','Costigan',4,14),(438,'Drucy','Goring',4,12),(439,'Charmian','Arnholz',10,8),(440,'Nero','Stener',9,4),(441,'Madelyn','Oliver-Paull',1,2),(442,'Parsifal','Oakwell',5,4),(443,'Bruis','Scandred',2,7),(444,'Glenn','Neem',4,6),(445,'Nance','Growcock',2,1),(446,'Gayel','Stutely',5,14),(447,'Tommy','Lauga',5,8),(448,'Neila','Hundey',1,5),(449,'Kikelia','Buessen',1,17),(450,'Kip','Shedden',3,1),(451,'Benetta','Baumber',7,1),(452,'Audrye','Vasquez',10,15),(453,'Thornton','Hardesty',3,11),(454,'Fabio','Slack',7,1),(455,'Jone','McKellen',4,16),(456,'Shalna','Ochiltree',8,13),(457,'Rafael','McMonnies',6,12),(458,'Bealle','Noir',3,5),(459,'Vic','Adran',6,12),(460,'Nert','Varney',3,4),(461,'Deeyn','Mettrick',9,7),(462,'Chelsey','Malec',5,18),(463,'Hester','Black',7,1),(464,'Rona','Kores',4,4),(465,'Cass','Tomsett',9,10),(466,'Barbara','Rooze',3,7),(467,'Fransisco','Brew',7,14),(468,'Gabriele','Ridges',10,7),(469,'Rebekah','Guyer',6,1),(470,'Rosalie','Tarn',8,11),(471,'Malanie','Grimsdale',6,19),(472,'Nellie','Senior',9,13),(473,'Fidelio','Ambrozewicz',6,8),(474,'Inness','Heazel',8,5),(475,'Marvin','Hazeldene',8,14),(476,'Salmon','Poulter',3,17),(477,'Cordey','Hullock',9,14),(478,'Corby','Allcott',1,1),(479,'Melisande','Iozefovich',9,7),(480,'Nicolle','Hamsson',9,9),(481,'Hamlin','Morteo',4,2),(482,'Jeno','Alam',6,19),(483,'Aldous','Astlatt',8,6),(484,'Allsun','Harnes',3,2),(485,'Melisent','Delatour',8,17),(486,'Pat','Trussler',10,12),(487,'Allen','Sindall',7,13),(488,'Marleah','Carder',7,10),(489,'Killy','Streeton',7,3),(490,'Marlon','McKennan',8,5),(491,'Rikki','Barley',6,18),(492,'Malissia','Tomaini',4,1),(493,'Augusta','Bernet',6,10),(494,'Carilyn','Oaks',10,10),(495,'Gene','Reihm',10,6),(496,'Roth','Franzel',4,17),(497,'Gabriele','Arundel',2,11),(498,'Madelaine','Garlinge',10,9),(499,'Linn','Huertas',10,15),(500,'Dag','O\'Lenane',8,14),(501,'Shep','Branney',5,7),(502,'Viola','Gaskill',8,5),(503,'Elianora','Vaulkhard',10,11),(504,'Isidor','Pree',10,7),(505,'Marvin','Dixcey',6,2),(506,'Kahaleel','Blatchford',9,20),(507,'Bert','Hamper',3,10),(508,'Stacy','Tingly',8,20),(509,'Garvin','Dunley',1,4),(510,'Millie','Berrick',6,3),(511,'Jeniffer','Blackman',1,2),(512,'Gabriela','Grolle',4,1),(513,'Edward','Furlong',4,15),(514,'Ciro','Boshier',3,2),(515,'Gasper','Benson',1,8),(516,'Preston','Gribbins',5,4),(517,'Gabriell','Cairns',8,4),(518,'Candi','Tomasian',4,17),(519,'Gerome','Gulleford',8,1),(520,'Georgeta','Valentinuzzi',4,10),(521,'Ethelda','Caudell',3,4),(522,'Pippo','OIlier',10,4),(523,'Nickie','Shayler',1,14),(524,'Kit','Temporal',4,1),(525,'Dodi','Kix',3,9),(526,'Currey','Henrot',5,19),(527,'Ashlan','Ebenezer',3,4),(528,'Afton','Pendrich',5,11),(529,'Dayna','Bragger',4,14),(530,'Wainwright','Maitland',5,5),(531,'Launce','Farens',10,11),(532,'Preston','Barbera',6,16),(533,'Elmore','Frankcombe',8,17),(534,'Spenser','Duffell',8,6),(535,'Joleen','Tixall',8,11),(536,'Annemarie','Jerzycowski',5,5),(537,'Findlay','Sherr',5,17),(538,'Jessie','Yeats',6,19),(539,'Tami','Dredge',5,17),(540,'Welch','Pippin',4,10),(541,'Collie','Arden',5,4),(542,'Francklyn','Champness',10,3),(543,'Ariela','Iddons',6,4),(544,'Scarlett','Huncoot',5,11),(545,'Elbertina','Kippax',4,12),(546,'Fayth','Duce',1,3),(547,'Jermayne','Silman',6,6),(548,'Forrest','Liverock',1,7),(549,'Isa','Corcoran',5,17),(550,'Marilyn','Ewbanche',10,13),(551,'Kora','McKillop',7,1),(552,'Dallas','Clayhill',3,9),(553,'Naomi','Bachmann',7,15),(554,'Lila','Croyser',10,20),(555,'Nell','Langdon',5,18),(556,'Pepillo','Poate',9,11),(557,'Pebrook','Burgoine',2,17),(558,'Catharina','Chazotte',9,16),(559,'Andra','Darling',1,19),(560,'Tim','Newberry',1,12),(561,'Amelita','Durrand',7,1),(562,'Kass','Armor',5,11),(563,'Aigneis','Janjusevic',3,11),(564,'Barney','Conklin',10,20),(565,'Darline','Feeney',4,3),(566,'Currie','Hurdman',9,11),(567,'Sutton','Fontin',10,10),(568,'Pate','Abernethy',10,7),(569,'Zebadiah','Elvy',5,7),(570,'Tiertza','Koenen',1,20),(571,'Mitch','Gorst',8,3),(572,'Isak','Izkovitz',1,4),(573,'Charlotte','Bromehead',1,18),(574,'Karlotta','Ozintsev',9,3),(575,'Addia','Eagland',1,7),(576,'Emilee','Docksey',6,1),(577,'Farlay','Winstone',10,7),(578,'Sonni','Stockbridge',10,7),(579,'Eugenie','Dumberrill',8,19),(580,'Nil','Lampens',6,19),(581,'Luisa','Haines',5,2),(582,'Kim','Martindale',1,6),(583,'Skippy','Boorer',1,5),(584,'Rex','Redihough',10,7),(585,'Calypso','Borell',10,8),(586,'Izabel','Glewe',1,17),(587,'Victoir','Barrar',7,20),(588,'Benny','Kristof',4,9),(589,'Beverie','Gosnoll',8,6),(590,'Beau','Baal',3,13),(591,'Moishe','Mazonowicz',2,18),(592,'Aimee','Nehl',8,4),(593,'Alfie','Kondratenko',7,18),(594,'Milissent','Husthwaite',9,3),(595,'Reiko','Orris',1,12),(596,'Melisenda','Braemer',2,2),(597,'Karoly','Pill',4,20),(598,'Bambi','Corben',5,7),(599,'Monte','Kristof',4,6),(600,'Lynnea','Scrivin',9,10),(601,'Brien','Treweke',4,12),(602,'Vincent','Haddington',4,7),(603,'Cecilia','Lampen',5,16),(604,'Gwenneth','Balkwill',8,14),(605,'Marthe','Swyndley',2,11),(606,'Beverlee','Hannis',10,8),(607,'Adelaida','Stephen',6,20),(608,'Pavlov','Kenion',10,14),(609,'Godart','Diano',7,14),(610,'Mariann','Richfield',6,15),(611,'Mathew','Towlson',1,2),(612,'Bentlee','Dunckley',6,10),(613,'Kirsten','Devericks',4,2),(614,'Kevon','Cavanaugh',5,14),(615,'Roz','Coulbeck',10,19),(616,'Carmel','Francescoccio',9,4),(617,'Jamison','Yarnell',6,2),(618,'Blake','Blais',8,17),(619,'Phebe','Stubbert',4,1),(620,'Jenni','Soares',4,12),(621,'Vallie','Humerstone',10,14),(622,'Liva','Boichat',1,19),(623,'Arlena','Gallaway',10,9),(624,'Weber','MacDowall',1,13),(625,'Timmie','Paggitt',5,1),(626,'Hulda','Ropcke',9,12),(627,'Desirae','Hurd',7,9),(628,'Tracy','Prendeguest',6,4),(629,'Freddy','Tinner',1,7),(630,'Chick','Divina',10,9),(631,'Dorri','Bonett',5,18),(632,'Eli','Peyto',6,16),(633,'Gilburt','Newlove',7,10),(634,'Gusty','Thring',1,11),(635,'Geneva','Matuszyk',8,8),(636,'Trula','Mathew',5,5),(637,'Haslett','Lawther',10,10),(638,'Barbabra','Szreter',5,8),(639,'Aron','Ardy',3,19),(640,'Orson','Broinlich',4,8),(641,'Sharron','Nevin',2,12),(642,'Sara-ann','Eberts',4,17),(643,'Morse','Djuricic',2,18),(644,'Mikaela','Farney',3,15),(645,'Tomkin','Cumesky',4,16),(646,'Estevan','Sander',2,8),(647,'Davin','Bayless',5,5),(648,'Lenee','Lavallin',6,16),(649,'Jacqui','Offin',6,5),(650,'Cassondra','Lathaye',9,15),(651,'Michale','Oluwatoyin',7,12),(652,'Harwilll','Salisbury',7,18),(653,'Teri','Da Costa',9,1),(654,'Jason','Ortas',3,6),(655,'Kara','Tschersich',3,5),(656,'Charity','Espinosa',5,4),(657,'Germaine','Pretti',3,3),(658,'Cinda','Ebbers',7,8),(659,'Laetitia','Dri',4,3),(660,'Kristien','Demange',10,8),(661,'Deina','Tatersale',4,15),(662,'Karry','Toppes',7,14),(663,'Lilllie','Franciottoi',7,15),(664,'Chloe','Franiak',3,13),(665,'Dougy','Buckeridge',1,11),(666,'Consuela','Sapauton',1,10),(667,'Flore','Karlicek',5,11),(668,'Josefina','Reeme',3,7),(669,'Brad','Pilbury',10,15),(670,'Allyn','Jentet',5,2),(671,'Ceil','Wanne',3,8),(672,'Noby','Tabbernor',7,10),(673,'Latia','M\'Quharge',1,8),(674,'Margaretha','Mogridge',2,2),(675,'Genny','Worthy',2,8),(676,'Rodolfo','Rayburn',4,10),(677,'Mickey','Beller',4,19),(678,'Esmaria','Conner',8,9),(679,'Corrine','Vian',2,20),(680,'Marcelline','Dorkin',5,12),(681,'Jarred','Fairhead',8,15),(682,'Rici','Deem',7,11),(683,'Dickie','McRoberts',3,19),(684,'Linette','Cicci',7,6),(685,'Ardeen','Eustice',7,16),(686,'Laurel','Skingley',8,4),(687,'Torey','Matisse',7,11),(688,'Fania','Skewes',10,7),(689,'Bertine','Wilkinson',9,16),(690,'Livy','Pietruszka',4,8),(691,'Cherice','Fairey',5,2),(692,'Tanitansy','Mcwhinnie',1,20),(693,'Durward','Lazarus',9,10),(694,'Phaidra','Lampart',8,15),(695,'Merv','Grinsted',4,18),(696,'Alonzo','Axel',7,2),(697,'Jeri','Bramsom',1,18),(698,'Martainn','O\'Shee',4,13),(699,'Kevina','Hackly',9,20),(700,'Niccolo','Tonkes',9,14),(701,'Bail','Claiton',2,4),(702,'Brandise','Gibbieson',7,1),(703,'Farah','Roaf',7,2),(704,'Virgina','Dalyiel',10,20),(705,'Krystle','Waterhouse',1,17),(706,'Torey','Kitchener',3,12),(707,'Leonelle','Pheby',2,14),(708,'Nat','Crolla',10,4),(709,'Shep','Cammish',9,5),(710,'Elfrieda','Philippe',4,8),(711,'Christalle','Kenna',9,11),(712,'Pippa','Ostrich',6,9),(713,'Penrod','Kightly',1,16),(714,'Susanetta','O\'Corrigane',3,1),(715,'Marcellus','Geggie',7,18),(716,'Adams','Cockman',4,2),(717,'Hilde','Bagster',9,5),(718,'Loralee','Manser',1,8),(719,'Bobbie','Catterill',7,20),(720,'Rosabelle','Weeks',5,6),(721,'Regine','Braim',5,20),(722,'Quinton','Calyton',5,6),(723,'Merl','Karadzas',1,4),(724,'Annamaria','Achurch',5,19),(725,'Jonell','Ruppele',3,14),(726,'Knox','Fishby',3,4),(727,'Linn','Dovidian',1,16),(728,'Brietta','Bickerstaff',1,5),(729,'Edd','Crossman',2,20),(730,'Alayne','Accum',4,7),(731,'Jereme','Harwell',4,9),(732,'Vinnie','Claris',3,4),(733,'Bastian','Thewless',10,19),(734,'Benedict','Neilly',8,2),(735,'Michel','Gudgion',7,5),(736,'John','Eltone',4,18),(737,'Randall','Kahler',5,20),(738,'Zacharie','Cossentine',10,9),(739,'Jaquelin','Smee',1,8),(740,'Alissa','Orteu',7,14),(741,'Dallon','Moggle',5,7),(742,'Hilliary','O\'Neill',9,18),(743,'Anastassia','Osant',2,18),(744,'Abram','Scanderet',8,15),(745,'Brittni','Tomaschke',1,13),(746,'Beryl','Dutnall',1,16),(747,'Koo','Hoyle',8,20),(748,'Nefen','Roiz',7,17),(749,'Clyde','Griswood',6,14),(750,'Lynde','Vigurs',2,1),(751,'Oswald','Auty',7,16),(752,'Jacki','Morfey',1,17),(753,'Connor','Burge',10,8),(754,'Saunderson','Acreman',2,6),(755,'Seth','Beardsell',8,2),(756,'Stearn','Rumford',8,2),(757,'Austin','Petrollo',2,20),(758,'Millicent','Whittlesee',5,12),(759,'Marie-jeanne','Landeaux',10,15),(760,'Tine','Weatherup',3,16),(761,'Eddy','Cheake',5,8),(762,'Hyacinthie','Attride',3,4),(763,'Maia','McPolin',6,17),(764,'Reynard','Noar',4,18),(765,'Roobbie','Gallafant',6,5),(766,'Calypso','Tumioto',1,5),(767,'Camila','Santino',9,20),(768,'Edvard','Broadberrie',5,18),(769,'Matti','Brandone',8,14),(770,'Jaquenette','Murrthum',2,15),(771,'Lovell','Wasbrough',8,11),(772,'Sophie','Rothschild',7,2),(773,'Giffer','Montilla',1,4),(774,'Pierce','Rawll',7,14),(775,'Estelle','Bayle',1,11),(776,'Hillard','Kattenhorn',5,5),(777,'Waylan','Menelaws',9,2),(778,'Millicent','Cowey',4,7),(779,'Mariann','Stonuary',4,3),(780,'Eleni','Stracey',8,2),(781,'Robbyn','Crowthe',2,20),(782,'Mattheus','Eastway',7,12),(783,'Osmond','Mordecai',4,2),(784,'Cyrillus','Buckney',6,7),(785,'Tedman','Aylett',5,9),(786,'Fionnula','Mansion',10,14),(787,'Marven','Bernardoni',9,11),(788,'Johnny','Leefe',6,1),(789,'Nanon','Colerick',7,18),(790,'Kellen','Filewood',4,11),(791,'Moshe','Tidmas',9,1),(792,'Ignace','Rosindill',9,15),(793,'Dot','O\'Bradain',4,11),(794,'Fionna','Wiffield',5,4),(795,'Dorise','Segoe',8,14),(796,'Verge','Herion',9,1),(797,'Melosa','Gallop',3,5),(798,'Vita','Kane',9,9),(799,'Jeremias','Mallen',2,11),(800,'Hodge','Sinclar',4,6),(801,'Melodee','Beesey',9,9),(802,'Bogey','Attew',6,7),(803,'Brit','Leavey',3,9),(804,'Lorne','Klamp',1,8),(805,'Gratia','Habbert',6,19),(806,'Electra','Bothram',9,1),(807,'Shayne','Youle',7,17),(808,'Jammie','Dundredge',2,2),(809,'Cordelie','Ruecastle',7,14),(810,'Curcio','Hubbuck',2,6),(811,'Alberik','Saltman',3,4),(812,'Meriel','Alvis',7,5),(813,'Quintina','Glavin',7,7),(814,'Patty','Hewlings',5,18),(815,'Lucretia','Ianelli',3,5),(816,'Corrie','Busswell',8,18),(817,'Ogden','Schmidt',1,18),(818,'Yoko','Izaac',10,5),(819,'Donnajean','Ancliffe',10,1),(820,'Piper','Eouzan',10,8),(821,'Tucker','Bruna',7,15),(822,'Pauline','Wentworth',1,18),(823,'Magda','Hemshall',10,3),(824,'Nickolai','Dargan',10,2),(825,'Clementine','Seacroft',4,20),(826,'Skylar','Treece',1,14),(827,'Mella','Atrill',8,2),(828,'Marianna','Fegan',4,6),(829,'Toma','Neward',6,8),(830,'Briny','Wathen',2,6),(831,'Aldin','Gerauld',8,20),(832,'Farrel','Gledhall',3,1),(833,'Annabela','Woodman',10,12),(834,'Veradis','Rumble',4,15),(835,'Mackenzie','Wakely',10,17),(836,'Laurie','Djorevic',1,14),(837,'Marcela','O\'Drought',9,12),(838,'Gussie','Kiln',9,8),(839,'Giuseppe','Hands',1,11),(840,'Virginia','Bielfeldt',8,7),(841,'Erika','Cadamy',9,13),(842,'Krystyna','Mowett',5,17),(843,'Andris','Ocheltree',1,10),(844,'Eachelle','Cockshoot',10,13),(845,'Stavro','Arndell',8,12),(846,'Vinita','Vaneev',1,11),(847,'Peggy','Skeech',4,8),(848,'Elana','Silbermann',4,16),(849,'Guillaume','Brewers',8,14),(850,'Annora','Ibbitt',6,7),(851,'Kimbell','Clift',9,1),(852,'Corena','Felten',6,9),(853,'Dukie','Wooldridge',8,5),(854,'Ianthe','Raoul',7,1),(855,'Max','Dace',5,1),(856,'Nikki','Spalls',9,12),(857,'Gayla','Mattityahou',3,15),(858,'Doti','Comolli',6,5),(859,'Esme','Vockins',9,5),(860,'Jarvis','Vanyatin',6,7),(861,'Kelsey','Dennett',10,10),(862,'Betteann','Tomasek',9,15),(863,'Johan','Driuzzi',10,14),(864,'Mildrid','Lohrensen',3,4),(865,'Keven','Muldrew',4,9),(866,'Johnna','Spear',5,16),(867,'Ianthe','Morigan',4,4),(868,'Vin','Phythian',4,3),(869,'Stevena','Oager',2,3),(870,'Zandra','Newbegin',3,5),(871,'Robinette','Glas',6,15),(872,'Rhea','Sheriff',3,18),(873,'Elisabetta','Saintsbury',6,4),(874,'Nicol','Nobbs',4,4),(875,'Amalia','Schoolcroft',4,1),(876,'Mabelle','Campaigne',2,15),(877,'Borg','Whitland',7,15),(878,'Jamesy','Jira',8,8),(879,'Freddy','Falconer-Taylor',4,17),(880,'Jackqueline','Powley',4,10),(881,'Ritchie','Duffill',10,18),(882,'Saleem','Capstaff',7,18),(883,'Johnette','Beall',1,14),(884,'Jody','Lambrechts',6,16),(885,'Ivonne','Clementucci',8,12),(886,'Brose','Dahlen',5,2),(887,'Lanni','Winkworth',8,12),(888,'Nollie','Macy',7,18),(889,'Thelma','Burdfield',3,7),(890,'Aloysia','Franey',10,7),(891,'Derril','Myatt',9,12),(892,'Bobbie','Grzelewski',10,5),(893,'Ky','Aymeric',1,19),(894,'Eugenio','Hamblett',3,11),(895,'Durand','Ragat',2,14),(896,'Hyman','Abrahm',5,19),(897,'Bab','Weeke',6,2),(898,'Corbett','Firby',9,5),(899,'Brenda','Howchin',8,14),(900,'Sayre','Fidgin',4,13),(901,'Nadean','Buckell',7,1),(902,'Inger','Grimsdale',6,5),(903,'Scottie','Meadowcroft',9,13),(904,'Valentijn','Regorz',4,14),(905,'Krissie','Rubinovitch',8,4),(906,'Isiahi','Brazenor',3,7),(907,'Delphine','Lavalde',10,12),(908,'Dieter','Dominico',10,2),(909,'Leigha','Willstrop',2,12),(910,'Hasty','Fairchild',5,18),(911,'Annabell','Flaubert',7,13),(912,'Jessie','Sparsholt',7,17),(913,'Hedy','Leport',5,16),(914,'Philippine','Balaam',8,11),(915,'Celinka','McColl',1,2),(916,'Ulrike','Sokill',4,8),(917,'Dniren','Russel',1,13),(918,'Errick','Bartlomiej',8,5),(919,'Austine','Wennam',5,4),(920,'Vivien','Dall',8,15),(921,'Emelyne','Algy',7,5),(922,'Efrem','Plenty',3,14),(923,'Tana','Bytheway',1,18),(924,'Bernelle','McCarry',3,2),(925,'Emili','Edward',9,15),(926,'Newton','Kislingbury',7,2),(927,'Stirling','Pieters',2,16),(928,'Marylou','Brabham',3,5),(929,'Tanny','Welbeck',1,3),(930,'Janel','Scarlet',1,13),(931,'Winifred','McGloin',4,17),(932,'Kaleb','Sydes',1,13),(933,'Lizzie','MacSween',5,9),(934,'Quinta','Ashmole',8,13),(935,'Charlotta','Scryne',5,13),(936,'Clemmie','Oxborough',1,9),(937,'Luke','Ollin',4,2),(938,'Sterling','Ackerman',8,10),(939,'Gennie','Briscoe',10,13),(940,'Patrice','Tille',10,3),(941,'Stephanie','Riordan',10,12),(942,'Hugo','Hazelby',6,16),(943,'Jobye','Conahy',3,18),(944,'Padraic','MacPadene',4,17),(945,'Rupert','Catton',10,19),(946,'Booth','Scardefield',7,11),(947,'Theo','Joselson',8,1),(948,'Ericka','Fuge',2,6),(949,'Ronda','Beaten',9,15),(950,'Shandeigh','Rowlatt',5,4),(951,'Wylma','Rillett',8,14),(952,'Dionisio','Berney',6,18),(953,'Allyce','Garment',7,18),(954,'Liane','Whilder',2,9),(955,'Montague','Sopp',6,20),(956,'Nicolais','Feedham',2,17),(957,'Charlene','Kingman',6,17),(958,'Conan','Piscopello',8,2),(959,'Irene','Louth',7,7),(960,'Edin','Wilkerson',3,6),(961,'Piper','Levy',10,2),(962,'Livvy','Sparkes',5,9),(963,'Daisi','Hustings',9,7),(964,'Creight','Hadley',3,18),(965,'Jules','Mallows',3,9),(966,'Gratia','Henric',6,14),(967,'Mathew','Coverly',6,18),(968,'Cody','Mazey',6,6),(969,'Fernandina','Trouel',9,12),(970,'Urbano','Curl',7,5),(971,'Allys','Songist',8,10),(972,'Boigie','Billitteri',2,6),(973,'Elianore','Antoniutti',4,9),(974,'Christos','MacSporran',10,5),(975,'Suzette','Gensavage',2,18),(976,'Georgina','Vedenyakin',9,20),(977,'Rosie','Pietzke',2,12),(978,'Harmony','Frusher',9,15),(979,'Cooper','Wyburn',6,18),(980,'Magdaia','Artrick',4,11),(981,'Pris','Glazzard',10,14),(982,'Nisse','Gobourn',10,8),(983,'Louise','Pendle',9,18),(984,'Rabi','Brayshay',10,10),(985,'Ulla','Silverlock',2,8),(986,'Elvina','Czajkowska',3,17),(987,'Norina','Browse',10,19),(988,'Allard','Adriaens',6,6),(989,'Seana','Brunton',6,14),(990,'Welch','Gillbe',9,8),(991,'Fidelity','Corrington',1,14),(992,'Ernest','Reiner',10,8),(993,'Gerta','Size',2,8),(994,'Joyann','Phelp',4,10),(995,'Porter','Bernakiewicz',2,16),(996,'Joell','Impey',6,17),(997,'Loree','Fears',5,4),(998,'Orion','Knellen',9,3),(999,'Niki','Heading',8,3),(1000,'Delia','Cottam',6,4);
/*!40000 ALTER TABLE `etudiants` ENABLE KEYS */;
UNLOCK TABLES;

--
-- Table structure for table `formation`
--

DROP TABLE IF EXISTS `formation`;
/*!40101 SET @saved_cs_client     = @@character_set_client */;
/*!50503 SET character_set_client = utf8mb4 */;
CREATE TABLE `formation` (
  `id_for` int NOT NULL,
  `libelle` varchar(100) DEFAULT NULL,
  PRIMARY KEY (`id_for`)
) ENGINE=InnoDB DEFAULT CHARSET=utf8mb4 COLLATE=utf8mb4_0900_ai_ci;
/*!40101 SET character_set_client = @saved_cs_client */;

--
-- Dumping data for table `formation`
--

LOCK TABLES `formation` WRITE;
/*!40000 ALTER TABLE `formation` DISABLE KEYS */;
INSERT INTO `formation` VALUES (1,'base de donnee'),(2,'reseau'),(3,'ipsum primis in faucibus orci luctus et ultrices posuere'),(4,'vestibulum proin eu mi nulla ac'),(5,'magna vestibulum aliquet ultrices erat tortor'),(6,'posuere cubilia curae nulla dapibus'),(7,'ac nibh fusce lacus purus'),(8,'sed vel enim sit amet nunc viverra dapibus nulla suscipit'),(9,'augue quam sollicitudin vitae consectetuer'),(10,'vel augue vestibulum rutrum rutrum neque aenean auctor gravida sem'),(11,'faucibus orci luctus et ultrices posuere'),(12,'at velit eu est congue elementum in hac'),(13,'non mauris morbi non lectus aliquam sit'),(14,'pellentesque at nulla suspendisse potenti'),(15,'convallis nunc proin at turpis a pede'),(16,'rhoncus dui vel sem sed'),(17,'amet lobortis sapien sapien non'),(18,'nunc nisl duis bibendum felis sed interdum venenatis turpis'),(19,'odio elementum eu interdum eu'),(20,'bibendum felis sed interdum venenatis');
/*!40000 ALTER TABLE `formation` ENABLE KEYS */;
UNLOCK TABLES;

--
-- Table structure for table `salle`
--

DROP TABLE IF EXISTS `salle`;
/*!40101 SET @saved_cs_client     = @@character_set_client */;
/*!50503 SET character_set_client = utf8mb4 */;
CREATE TABLE `salle` (
  `id_sall` int NOT NULL,
  `nom_salle` varchar(100) DEFAULT NULL,
  PRIMARY KEY (`id_sall`)
) ENGINE=InnoDB DEFAULT CHARSET=utf8mb4 COLLATE=utf8mb4_0900_ai_ci;
/*!40101 SET character_set_client = @saved_cs_client */;

--
-- Dumping data for table `salle`
--

LOCK TABLES `salle` WRITE;
/*!40000 ALTER TABLE `salle` DISABLE KEYS */;
INSERT INTO `salle` VALUES (1,'Amphi3'),(2,'Bibliotheque'),(3,'Labo'),(4,'platea dictumst etiam faucibus cursus urna ut tellus nulla'),(5,'dictumst aliquam augue quam sollicitudin vitae'),(6,'quis turpis eget elit sodales scelerisque mauris sit'),(7,'sit amet consectetuer adipiscing elit proin'),(8,'volutpat quam pede lobortis ligula sit amet eleifend pede'),(9,'orci luctus et ultrices posuere cubilia curae donec'),(10,'pellentesque viverra pede ac diam cras pellentesque');
/*!40000 ALTER TABLE `salle` ENABLE KEYS */;
UNLOCK TABLES;
/*!40103 SET TIME_ZONE=@OLD_TIME_ZONE */;

/*!40101 SET SQL_MODE=@OLD_SQL_MODE */;
/*!40014 SET FOREIGN_KEY_CHECKS=@OLD_FOREIGN_KEY_CHECKS */;
/*!40014 SET UNIQUE_CHECKS=@OLD_UNIQUE_CHECKS */;
/*!40101 SET CHARACTER_SET_CLIENT=@OLD_CHARACTER_SET_CLIENT */;
/*!40101 SET CHARACTER_SET_RESULTS=@OLD_CHARACTER_SET_RESULTS */;
/*!40101 SET COLLATION_CONNECTION=@OLD_COLLATION_CONNECTION */;
/*!40111 SET SQL_NOTES=@OLD_SQL_NOTES */;

-- Dump completed on 2022-01-10 15:36:07
